timestamp (us),measLate,skippedBeat,drNoTrigger,checksumError,measInvalid,Load (N)
27611251,1,1,0,0,1,7404.0732421875
28012832,1,1,0,0,1,7339.5654296875
28414433,1,1,0,0,1,7393.32177734375
28816018,1,1,0,0,1,7393.32177734375
29217566,1,1,0,0,1,7819.791015625
29619147,1,1,0,0,1,7307.3115234375
30020736,1,1,0,0,1,7343.1494140625
30422333,1,1,0,0,1,7357.484375
30823922,1,1,0,0,1,7203.38232421875
31225540,1,1,0,0,1,7662.10498046875
31627118,1,1,0,0,1,7848.4609375
32028714,1,1,0,0,1,8034.8173828125
32430302,1,1,0,0,1,7289.392578125
32831885,1,1,0,0,1,8063.4873046875
33233429,1,1,0,0,1,7966.7255859375
33635018,1,1,0,0,1,7551.0078125
34036566,1,1,0,0,1,7472.1650390625
34438126,1,1,0,0,1,7640.60205078125
34839689,1,1,0,0,1,7594.01318359375
35241274,1,1,0,0,1,8074.23876953125
35642856,1,1,0,0,1,7669.2724609375
36044439,1,1,0,0,1,7479.33251953125
36446023,1,1,0,0,1,7396.90576171875
36847609,1,1,0,0,1,7583.26171875
37249208,1,1,0,0,1,7418.408203125
37650785,1,1,0,0,1,7511.58642578125
38052397,1,1,0,0,1,8242.67578125
38453983,1,1,0,0,1,7662.10498046875
38855534,1,1,0,0,1,8038.40087890625
39257120,1,1,0,0,1,8020.48193359375
39658705,1,1,0,0,1,7615.51611328125
40060296,1,1,0,0,1,8300.0166015625
40461874,1,1,0,0,1,8246.259765625
40863458,1,1,0,0,1,8199.6708984375
41265058,1,1,0,0,1,7988.22802734375
41666632,1,1,0,0,1,8446.951171875
42068187,1,1,0,0,1,7529.50537109375
42469767,1,1,0,0,1,7773.20166015625
42871350,1,1,0,0,1,7891.46630859375
43272950,1,1,0,0,1,7794.70458984375
43674490,1,1,0,0,1,7525.92138671875
44076085,1,1,0,0,1,7364.65185546875
44477667,1,1,0,0,1,7490.083984375
44879283,1,1,0,0,1,7640.60205078125
45280865,1,1,0,0,1,7536.6728515625
45682448,1,1,0,0,1,7353.900390625
46084032,1,1,0,0,1,7909.38525390625
46485618,1,1,0,0,1,7300.14404296875
46887172,1,1,0,0,1,7425.576171875
47288758,1,1,0,0,1,7404.0732421875
47690299,1,1,0,0,1,8009.73095703125
48091884,1,1,0,0,1,7335.9814453125
48493493,1,1,0,0,1,7712.27783203125
48895075,1,1,0,0,1,8034.8173828125
49296645,1,1,0,0,1,8210.421875
49698235,1,1,0,0,1,8045.568359375
50099823,1,1,0,0,1,7920.13671875
50501409,1,1,0,0,1,8332.2705078125
50902988,1,1,0,0,1,7998.9794921875
51304588,1,1,0,0,1,8214.005859375
51706188,1,1,0,0,1,7816.20703125
52107772,1,1,0,0,1,8095.7412109375
52509354,1,1,0,0,1,7551.0078125
52910905,1,1,0,0,1,7895.05029296875
53312487,1,1,0,0,1,7841.29345703125
53714076,1,1,0,0,1,7536.6728515625
54115668,1,1,0,0,1,8084.990234375
54517251,1,1,0,0,1,8145.9140625
54918855,1,1,0,0,1,8138.74658203125
55320464,1,1,0,0,1,7912.96875
55722055,1,1,0,0,1,7948.806640625
56123641,1,1,0,0,1,7461.41357421875
56525219,1,1,0,0,1,7128.123046875
56926801,1,1,0,0,1,8045.568359375
57328382,1,1,0,0,1,7848.4609375
57729961,1,1,0,0,1,8145.9140625
58131567,1,1,0,0,1,8192.5029296875
58533167,1,1,0,0,1,7959.55810546875
58934750,1,1,0,0,1,8006.14697265625
59336328,1,1,0,0,1,7998.9794921875
59737918,1,1,0,0,1,8203.2548828125
60139514,1,1,0,0,1,8110.07666015625
60541102,1,1,0,0,1,8138.74658203125
60942698,1,1,0,0,1,8049.15234375
61344279,1,1,0,0,1,8163.8330078125
61745867,1,1,0,0,1,7898.6337890625
62147464,1,1,0,0,1,7733.7802734375
62549051,1,1,0,0,1,7934.4716796875
62950645,1,1,0,0,1,8174.58447265625
63352224,1,1,0,0,1,7662.10498046875
63753808,1,1,0,0,1,8217.58984375
64155410,1,1,0,0,1,8135.1630859375
64557005,1,1,0,0,1,7490.083984375
64958591,1,1,0,0,1,7991.81201171875
65360178,1,1,0,0,1,7794.70458984375
65761724,1,1,0,0,1,7708.69384765625
66163305,1,1,0,0,1,8034.8173828125
66564895,1,1,0,0,1,7508.0029296875
66966488,1,1,0,0,1,7680.02392578125
67368072,1,1,0,0,1,7597.59716796875
67769623,1,1,0,0,1,7783.953125
68171202,1,1,0,0,1,7386.154296875
68572794,1,1,0,0,1,8041.98486328125
68974402,1,1,0,0,1,7823.37451171875
69375992,1,1,0,0,1,8027.64990234375
69777566,1,1,0,0,1,7991.81201171875
70179148,1,1,0,0,1,8590.3017578125
70580734,1,1,0,0,1,8206.837890625
70982331,1,1,0,0,1,7493.66748046875
71383917,1,1,0,0,1,8464.8701171875
71785470,1,1,0,0,1,7988.22802734375
72187098,1,1,0,0,1,7966.7255859375
72588690,1,1,0,0,1,7414.82470703125
72990279,1,1,0,0,1,7253.5546875
73391870,1,1,0,0,1,7558.17529296875
73793458,1,1,0,0,1,8006.14697265625
74195044,1,1,0,0,1,7945.22314453125
74596633,1,1,0,0,1,8131.5791015625
74998228,1,1,0,0,1,8153.08154296875
75399812,1,1,0,0,1,8210.421875
75801416,1,1,0,0,1,8163.8330078125
76202996,1,1,0,0,1,8178.16796875
76604587,1,1,0,0,1,8013.314453125
77006180,1,1,0,0,1,8203.2548828125
77407762,1,1,0,0,1,8156.66552734375
77809309,1,1,0,0,1,8206.837890625
78210890,1,1,0,0,1,8221.173828125
78612440,1,1,0,0,1,8024.06591796875
79014042,1,1,0,0,1,7529.50537109375
79415627,1,1,0,0,1,7912.96875
79817219,1,1,0,0,1,7823.37451171875
80218787,1,1,0,0,1,8722.9013671875
80620377,1,1,0,0,1,8063.4873046875
81021972,1,1,0,0,1,8206.837890625
81423501,1,1,0,0,1,8224.7568359375
81825101,1,1,0,0,1,7834.1259765625
82226683,1,1,0,0,1,8264.1787109375
82628300,1,1,0,0,1,8160.2490234375
83029886,1,1,0,0,1,8120.82763671875
83431475,1,1,0,0,1,7511.58642578125
83833058,1,1,0,0,1,7690.77490234375
84234641,1,1,0,0,1,7468.5810546875
84636194,1,1,0,0,1,7332.39794921875
85037765,1,1,0,0,1,7518.75390625
85439313,1,1,0,0,1,7755.283203125
85840892,1,1,0,0,1,8135.1630859375
86242508,1,1,0,0,1,7493.66748046875
86644059,1,1,0,0,1,8092.15771484375
87045608,1,1,0,0,1,7798.2880859375
87447202,1,1,0,0,1,8314.3515625
87848792,1,1,0,0,1,7737.3642578125
88250339,1,1,0,0,1,7783.953125
88651923,1,1,0,0,1,7798.2880859375
89053513,1,1,0,0,1,7540.2568359375
89455124,1,1,0,0,1,7930.8876953125
89856710,1,1,0,0,1,8235.5087890625
90258294,1,1,0,0,1,8235.5087890625
90659877,1,1,0,0,1,8153.08154296875
91061463,1,1,0,0,1,8056.31982421875
91463005,1,1,0,0,1,7565.34326171875
91864586,1,1,0,0,1,8260.5947265625
92266134,1,1,0,0,1,8196.0869140625
92667722,1,1,0,0,1,8092.15771484375
93069332,1,1,0,0,1,7479.33251953125
93470929,1,1,0,0,1,7633.4345703125
93872519,1,1,0,0,1,7794.70458984375
94274106,1,1,0,0,1,8210.421875
94675687,1,1,0,0,1,7766.0341796875
95077269,1,1,0,0,1,8074.23876953125
95478858,1,1,0,0,1,8034.8173828125
95880448,1,1,0,0,1,7905.80126953125
96282057,1,1,0,0,1,7701.5263671875
96683665,1,1,0,0,1,7454.24609375
97085253,1,1,0,0,1,8206.837890625
97486847,1,1,0,0,1,7977.47705078125
97888436,1,1,0,0,1,7525.92138671875
98290023,1,1,0,0,1,7981.060546875
98691611,1,1,0,0,1,7981.060546875
99093191,1,1,0,0,1,7629.85107421875
99494783,1,1,0,0,1,8056.31982421875
99896377,1,1,0,0,1,7880.71484375
100297976,1,1,0,0,1,8009.73095703125
100699573,1,1,0,0,1,8084.990234375
101101173,1,1,0,0,1,7984.64453125
101502727,1,1,0,0,1,7615.51611328125
101904324,1,1,0,0,1,7830.5419921875
102305928,1,1,0,0,1,7862.79638671875
102707526,1,1,0,0,1,8633.3076171875
103109141,1,1,0,0,1,7887.8828125
103510734,1,1,0,0,1,7680.02392578125
103912326,1,1,0,0,1,7185.46337890625
104313927,1,1,0,0,1,7364.65185546875
104715526,1,1,0,0,1,7443.49462890625
105117120,1,1,0,0,1,7608.34814453125
105518678,1,1,0,0,1,7443.49462890625
105920274,1,1,0,0,1,8038.40087890625
106321866,1,1,0,0,1,8031.2333984375
106723476,1,1,0,0,1,7988.22802734375
107125076,1,1,0,0,1,8038.40087890625
107526665,1,1,0,0,1,7945.22314453125
107928271,1,1,0,0,1,8160.2490234375
108329862,1,1,0,0,1,8249.84375
108731454,1,1,0,0,1,8013.314453125
109133051,1,1,0,0,1,7970.3095703125
109534653,1,1,0,0,1,7518.75390625
109936269,1,1,0,0,1,7658.52099609375
110337864,1,1,0,0,1,8102.90869140625
110739454,1,1,0,0,1,8235.5087890625
111141047,1,1,0,0,1,7912.96875
111542607,1,1,0,0,1,7730.19677734375
111944216,1,1,0,0,1,7809.03955078125
112345797,1,1,0,0,1,7289.392578125
112747355,1,1,0,0,1,7328.81396484375
113148953,1,1,0,0,1,7508.0029296875
113550573,1,1,0,0,1,7859.21240234375
113952175,1,1,0,0,1,8181.751953125
114353796,1,1,0,0,1,8034.8173828125
114755395,1,1,0,0,1,7959.55810546875
115156995,1,1,0,0,1,7984.64453125
115558595,1,1,0,0,1,7640.60205078125
115960161,1,1,0,0,1,7966.7255859375
116361757,1,1,0,0,1,7637.0185546875
116763371,1,1,0,0,1,7948.806640625
117164977,1,1,0,0,1,7998.9794921875
117566530,1,1,0,0,1,8135.1630859375
117968132,1,1,0,0,1,8127.9951171875
118369744,1,1,0,0,1,7335.9814453125
118771338,1,1,0,0,1,7257.138671875
119172936,1,1,0,0,1,7601.1806640625
119574524,1,1,0,0,1,7733.7802734375
119976110,1,1,0,0,1,7766.0341796875
120377737,1,1,0,0,1,8027.64990234375
120779337,1,1,0,0,1,8149.498046875
121180920,1,1,0,0,1,8084.990234375
121582518,1,1,0,0,1,7963.1416015625
121984116,1,1,0,0,1,7676.43994140625
122385685,1,1,0,0,1,8181.751953125
122787282,1,1,0,0,1,8016.8984375
123188875,1,1,0,0,1,7787.537109375
123590504,1,1,0,0,1,7927.30419921875
123992105,1,1,0,0,1,7952.390625
124393698,1,1,0,0,1,7973.89306640625
124795261,1,1,0,0,1,7296.56005859375
125196871,1,1,0,0,1,7723.029296875
125598453,1,1,0,0,1,7214.13330078125
126000015,1,1,0,0,1,7533.08935546875
126401584,1,1,0,0,1,7361.06787109375
126803179,1,1,0,0,1,8095.7412109375
127204819,1,1,0,0,1,8253.427734375
127606418,1,1,0,0,1,7869.9638671875
128008017,1,1,0,0,1,7973.89306640625
128409633,1,1,0,0,1,8041.98486328125
128811228,1,1,0,0,1,8013.314453125
129212828,1,1,0,0,1,8070.65478515625
129614420,1,1,0,0,1,7902.2177734375
130016015,1,1,0,0,1,8024.06591796875
130417632,1,1,0,0,1,7511.58642578125
130819236,1,1,0,0,1,7744.53173828125
131220814,1,1,0,0,1,7529.50537109375
131622413,1,1,0,0,1,7912.96875
132023976,1,1,0,0,1,7425.576171875
132425577,1,1,0,0,1,7744.53173828125
132827135,1,1,0,0,1,8153.08154296875
133228728,1,1,0,0,1,7565.34326171875
133630325,1,1,0,0,1,8131.5791015625
134031941,1,1,0,0,1,8235.5087890625
134433539,1,1,0,0,1,8178.16796875
134835130,1,1,0,0,1,8228.3408203125
135236730,1,1,0,0,1,8264.1787109375
135638326,1,1,0,0,1,8056.31982421875
136039923,1,1,0,0,1,7647.77001953125
136441520,1,1,0,0,1,8432.6162109375
136843123,1,1,0,0,1,7647.77001953125
137244719,1,1,0,0,1,7479.33251953125
137646345,1,1,0,0,1,7658.52099609375
138047937,1,1,0,0,1,8120.82763671875
138449532,1,1,0,0,1,7447.07861328125
138851131,1,1,0,0,1,8059.90380859375
139252690,1,1,0,0,1,7576.09423828125
139654288,1,1,0,0,1,7554.591796875
140055888,1,1,0,0,1,7522.337890625
140457481,1,1,0,0,1,7672.8564453125
140859100,1,1,0,0,1,8210.421875
141260660,1,1,0,0,1,8124.41162109375
141662252,1,1,0,0,1,7493.66748046875
142063855,1,1,0,0,1,8063.4873046875
142465468,1,1,0,0,1,8027.64990234375
142867059,1,1,0,0,1,7973.89306640625
143268658,1,1,0,0,1,8002.5634765625
143670247,1,1,0,0,1,7916.552734375
144071855,1,1,0,0,1,8475.62109375
144473480,1,1,0,0,1,8138.74658203125
144875045,1,1,0,0,1,7902.2177734375
145276605,1,1,0,0,1,8192.5029296875
145678231,1,1,0,0,1,7783.953125
146079795,1,1,0,0,1,7568.9267578125
146481387,1,1,0,0,1,7751.69921875
146882994,1,1,0,0,1,8038.40087890625
147284545,1,1,0,0,1,7758.86669921875
147686178,1,1,0,0,1,8095.7412109375
148087772,1,1,0,0,1,7837.7099609375
148489368,1,1,0,0,1,7554.591796875
148890965,1,1,0,0,1,8532.9619140625
149292563,1,1,0,0,1,7848.4609375
149694177,1,1,0,0,1,7482.91650390625
150095776,1,1,0,0,1,7586.845703125
150497368,1,1,0,0,1,7877.13134765625
150898974,1,1,0,0,1,8192.5029296875
151300552,1,1,0,0,1,7748.115234375
151702146,1,1,0,0,1,7934.4716796875
152103750,1,1,0,0,1,7321.646484375
152505309,1,1,0,0,1,7654.9375
152906934,1,1,0,0,1,8020.48193359375
153308532,1,1,0,0,1,7626.26708984375
153710136,1,1,0,0,1,8016.8984375
154111732,1,1,0,0,1,8056.31982421875
154513352,1,1,0,0,1,7368.23583984375
154914947,1,1,0,0,1,7984.64453125
155316505,1,1,0,0,1,7902.2177734375
155718103,1,1,0,0,1,8246.259765625
156119703,1,1,0,0,1,7561.75927734375
156521309,1,1,0,0,1,8171.00048828125
156922903,1,1,0,0,1,8163.8330078125
157324503,1,1,0,0,1,8153.08154296875
157726101,1,1,0,0,1,7665.6884765625
158127720,1,1,0,0,1,7916.552734375
158529280,1,1,0,0,1,7454.24609375
158930880,1,1,0,0,1,7468.5810546875
159332441,1,1,0,0,1,7615.51611328125
159734011,1,1,0,0,1,7515.17041015625
160135592,1,1,0,0,1,7597.59716796875
160537195,1,1,0,0,1,8185.33544921875
160938794,1,1,0,0,1,8167.4169921875
161340370,1,1,0,0,1,7755.283203125
161741970,1,1,0,0,1,8192.5029296875
162143568,1,1,0,0,1,7973.89306640625
162545165,1,1,0,0,1,7769.6181640625
162946772,1,1,0,0,1,8145.9140625
163348371,1,1,0,0,1,8181.751953125
163749968,1,1,0,0,1,8163.8330078125
164151572,1,1,0,0,1,7923.72021484375
164553168,1,1,0,0,1,8145.9140625
164954795,1,1,0,0,1,7292.9765625
165356397,1,1,0,0,1,8049.15234375
165757997,1,1,0,0,1,7665.6884765625
166159585,1,1,0,0,1,7945.22314453125
166561186,1,1,0,0,1,7748.115234375
166962767,1,1,0,0,1,7490.083984375
167364361,1,1,0,0,1,7325.23046875
167765964,1,1,0,0,1,8307.18359375
168167582,1,1,0,0,1,7891.46630859375
168569184,1,1,0,0,1,8034.8173828125
168970784,1,1,0,0,1,8059.90380859375
169372381,1,1,0,0,1,7819.791015625
169773940,1,1,0,0,1,8034.8173828125
170175533,1,1,0,0,1,7787.537109375
170577134,1,1,0,0,1,8013.314453125
170978732,1,1,0,0,1,7998.9794921875
171380291,1,1,0,0,1,8024.06591796875
171781913,1,1,0,0,1,8156.66552734375
172183478,1,1,0,0,1,7934.4716796875
172585079,1,1,0,0,1,7522.337890625
172986661,1,1,0,0,1,7680.02392578125
173388254,1,1,0,0,1,8153.08154296875
173789805,1,1,0,0,1,7475.74853515625
174191407,1,1,0,0,1,7583.26171875
174593005,1,1,0,0,1,7525.92138671875
174994630,1,1,0,0,1,7798.2880859375
175396238,1,1,0,0,1,7819.791015625
175797841,1,1,0,0,1,8041.98486328125
176199436,1,1,0,0,1,8034.8173828125
176600996,1,1,0,0,1,7536.6728515625
177002605,1,1,0,0,1,7783.953125
177404186,1,1,0,0,1,7762.45068359375
177805784,1,1,0,0,1,7769.6181640625
178207388,1,1,0,0,1,8038.40087890625
178609007,1,1,0,0,1,8067.0712890625
179010605,1,1,0,0,1,7912.96875
179412182,1,1,0,0,1,8020.48193359375
179813773,1,1,0,0,1,7500.8349609375
180215367,1,1,0,0,1,7758.86669921875
180616970,1,1,0,0,1,8199.6708984375
181018567,1,1,0,0,1,8074.23876953125
181420161,1,1,0,0,1,7300.14404296875
181821781,1,1,0,0,1,7490.083984375
182223378,1,1,0,0,1,7952.390625
182624978,1,1,0,0,1,7762.45068359375
183026570,1,1,0,0,1,8303.6005859375
183428163,1,1,0,0,1,7912.96875
183829768,1,1,0,0,1,7952.390625
184231364,1,1,0,0,1,7891.46630859375
184632945,1,1,0,0,1,7644.18603515625
185034506,1,1,0,0,1,8224.7568359375
185436122,1,1,0,0,1,7805.4560546875
185837676,1,1,0,0,1,7525.92138671875
186239275,1,1,0,0,1,8199.6708984375
186640878,1,1,0,0,1,8235.5087890625
187042437,1,1,0,0,1,8059.90380859375
187444028,1,1,0,0,1,8188.91943359375
187845626,1,1,0,0,1,8242.67578125
188247220,1,1,0,0,1,7826.95849609375
188648826,1,1,0,0,1,8067.0712890625
189050405,1,1,0,0,1,7837.7099609375
189452003,1,1,0,0,1,7852.044921875
189853597,1,1,0,0,1,8002.5634765625
190255201,1,1,0,0,1,7697.94287109375
190656794,1,1,0,0,1,7733.7802734375
191058398,1,1,0,0,1,7536.6728515625
191459998,1,1,0,0,1,7576.09423828125
191861559,1,1,0,0,1,7318.06298828125
192263172,1,1,0,0,1,7877.13134765625
192664783,1,1,0,0,1,8217.58984375
193066341,1,1,0,0,1,8171.00048828125
193467912,1,1,0,0,1,7658.52099609375
193869509,1,1,0,0,1,8049.15234375
194271112,1,1,0,0,1,7959.55810546875
194672714,1,1,0,0,1,7794.70458984375
195074312,1,1,0,0,1,8045.568359375
195475909,1,1,0,0,1,7977.47705078125
195877531,1,1,0,0,1,8031.2333984375
196279132,1,1,0,0,1,7769.6181640625
196680727,1,1,0,0,1,8142.33056640625
197082325,1,1,0,0,1,7948.806640625
197483921,1,1,0,0,1,7694.35888671875
197885479,1,1,0,0,1,7540.2568359375
198287092,1,1,0,0,1,7558.17529296875
198688683,1,1,0,0,1,7966.7255859375
199090265,1,1,0,0,1,8092.15771484375
199491854,1,1,0,0,1,8138.74658203125
199893446,1,1,0,0,1,7594.01318359375
200295041,1,1,0,0,1,8174.58447265625
200696641,1,1,0,0,1,7318.06298828125
201098233,1,1,0,0,1,8597.4697265625
201499830,1,1,0,0,1,7482.91650390625
201901431,1,1,0,0,1,8181.751953125
202303028,1,1,0,0,1,8253.427734375
202704642,1,1,0,0,1,7780.36962890625
203106198,1,1,0,0,1,7633.4345703125
203507801,1,1,0,0,1,7973.89306640625
203909403,1,1,0,0,1,8074.23876953125
204310999,1,1,0,0,1,8396.7783203125
204712599,1,1,0,0,1,7554.591796875
205114200,1,1,0,0,1,8063.4873046875
205515806,1,1,0,0,1,8131.5791015625
205917424,1,1,0,0,1,7278.64111328125
206319019,1,1,0,0,1,7339.5654296875
206720607,1,1,0,0,1,7748.115234375
207122205,1,1,0,0,1,7468.5810546875
207523804,1,1,0,0,1,7626.26708984375
207925410,1,1,0,0,1,8059.90380859375
208326962,1,1,0,0,1,7375.4033203125
208728559,1,1,0,0,1,7977.47705078125
209130120,1,1,0,0,1,7543.84033203125
209531735,1,1,0,0,1,7963.1416015625
209933327,1,1,0,0,1,8041.98486328125
210334929,1,1,0,0,1,7955.97412109375
210736525,1,1,0,0,1,7898.6337890625
211138123,1,1,0,0,1,7586.845703125
211539717,1,1,0,0,1,7869.9638671875
211941316,1,1,0,0,1,7561.75927734375
212342916,1,1,0,0,1,7289.392578125
212744532,1,1,0,0,1,7586.845703125
213146132,1,1,0,0,1,7461.41357421875
213547691,1,1,0,0,1,7511.58642578125
213949262,1,1,0,0,1,8088.57373046875
214350793,1,1,0,0,1,7726.61279296875
214752398,1,1,0,0,1,8167.4169921875
215153995,1,1,0,0,1,7475.74853515625
215555594,1,1,0,0,1,7500.8349609375
215957178,1,1,0,0,1,7726.61279296875
216358790,1,1,0,0,1,7565.34326171875
216760395,1,1,0,0,1,7511.58642578125
217161995,1,1,0,0,1,7945.22314453125
217563589,1,1,0,0,1,8067.0712890625
217965187,1,1,0,0,1,8016.8984375
218366783,1,1,0,0,1,8206.837890625
218768390,1,1,0,0,1,8540.12890625
219169965,1,1,0,0,1,7604.7646484375
219571541,1,1,0,0,1,8167.4169921875
219973149,1,1,0,0,1,7181.87939453125
220374746,1,1,0,0,1,7572.5107421875
220776338,1,1,0,0,1,7608.34814453125
221177942,1,1,0,0,1,7776.78564453125
221579536,1,1,0,0,1,7579.67822265625
221981102,1,1,0,0,1,7339.5654296875
222382697,1,1,0,0,1,7479.33251953125
222784294,1,1,0,0,1,7257.138671875
223185914,1,1,0,0,1,7697.94287109375
223587475,1,1,0,0,1,8084.990234375
223989069,1,1,0,0,1,7640.60205078125
224390666,1,1,0,0,1,7733.7802734375
224792262,1,1,0,0,1,7801.8720703125
225193865,1,1,0,0,1,7830.5419921875
225595459,1,1,0,0,1,8163.8330078125
225997045,1,1,0,0,1,8020.48193359375
226398623,1,1,0,0,1,7601.1806640625
226800226,1,1,0,0,1,7995.3955078125
227201819,1,1,0,0,1,7952.390625
227603419,1,1,0,0,1,7991.81201171875
228005014,1,1,0,0,1,8009.73095703125
228406609,1,1,0,0,1,7662.10498046875
228808226,1,1,0,0,1,7533.08935546875
229209804,1,1,0,0,1,7733.7802734375
229611363,1,1,0,0,1,7493.66748046875
230012989,1,1,0,0,1,7461.41357421875
230414581,1,1,0,0,1,8188.91943359375
230816182,1,1,0,0,1,7948.806640625
231217773,1,1,0,0,1,7464.99755859375
231619368,1,1,0,0,1,7421.9921875
232020964,1,1,0,0,1,7432.74365234375
232422521,1,1,0,0,1,7533.08935546875
232824115,1,1,0,0,1,7773.20166015625
233225746,1,1,0,0,1,7654.9375
233627329,1,1,0,0,1,8095.7412109375
234028930,1,1,0,0,1,8070.65478515625
234430484,1,1,0,0,1,8142.33056640625
234832078,1,1,0,0,1,7497.25146484375
235233675,1,1,0,0,1,7852.044921875
235635269,1,1,0,0,1,8773.07421875
236036878,1,1,0,0,1,8181.751953125
236438480,1,1,0,0,1,7246.38720703125
236840100,1,1,0,0,1,7421.9921875
237241697,1,1,0,0,1,8192.5029296875
237643287,1,1,0,0,1,8138.74658203125
238044888,1,1,0,0,1,8156.66552734375
238446479,1,1,0,0,1,8024.06591796875
238848070,1,1,0,0,1,7450.66259765625
239249669,1,1,0,0,1,7504.4189453125
239651266,1,1,0,0,1,8009.73095703125
240052872,1,1,0,0,1,8031.2333984375
240454503,1,1,0,0,1,7877.13134765625
240856099,1,1,0,0,1,7923.72021484375
241257700,1,1,0,0,1,8041.98486328125
241659293,1,1,0,0,1,8185.33544921875
242060894,1,1,0,0,1,8110.07666015625
242462502,1,1,0,0,1,8171.00048828125
242864095,1,1,0,0,1,7153.20947265625
243265684,1,1,0,0,1,8117.244140625
243667317,1,1,0,0,1,8131.5791015625
244068913,1,1,0,0,1,7733.7802734375
244470513,1,1,0,0,1,7712.27783203125
244872112,1,1,0,0,1,7457.830078125
245273677,1,1,0,0,1,7737.3642578125
245675278,1,1,0,0,1,7658.52099609375
246076835,1,1,0,0,1,7991.81201171875
246478443,1,1,0,0,1,7601.1806640625
246880037,1,1,0,0,1,8059.90380859375
247281647,1,1,0,0,1,8188.91943359375
247683209,1,1,0,0,1,8013.314453125
248084767,1,1,0,0,1,7773.20166015625
248486339,1,1,0,0,1,7945.22314453125
248887938,1,1,0,0,1,8013.314453125
249289533,1,1,0,0,1,7955.97412109375
249691132,1,1,0,0,1,8016.8984375
250092738,1,1,0,0,1,8056.31982421875
250494355,1,1,0,0,1,7912.96875
250895958,1,1,0,0,1,7963.1416015625
251297567,1,1,0,0,1,7905.80126953125
251699164,1,1,0,0,1,7464.99755859375
252100768,1,1,0,0,1,7912.96875
252502359,1,1,0,0,1,7859.21240234375
252903965,1,1,0,0,1,7895.05029296875
253305569,1,1,0,0,1,8038.40087890625
253707163,1,1,0,0,1,7508.0029296875
254108776,1,1,0,0,1,8049.15234375
254510383,1,1,0,0,1,8074.23876953125
254911984,1,1,0,0,1,7848.4609375
255313573,1,1,0,0,1,7568.9267578125
255715167,1,1,0,0,1,8041.98486328125
256116766,1,1,0,0,1,8267.7626953125
256518377,1,1,0,0,1,7970.3095703125
256919971,1,1,0,0,1,8145.9140625
257321586,1,1,0,0,1,7443.49462890625
257723183,1,1,0,0,1,7633.4345703125
258124778,1,1,0,0,1,7740.94775390625
258526375,1,1,0,0,1,7497.25146484375
258927955,1,1,0,0,1,7708.69384765625
259329509,1,1,0,0,1,7447.07861328125
259731105,1,1,0,0,1,8188.91943359375
260132708,1,1,0,0,1,7525.92138671875
260534325,1,1,0,0,1,7576.09423828125
260935952,1,1,0,0,1,7855.62841796875
261337512,1,1,0,0,1,8034.8173828125
261739093,1,1,0,0,1,7981.060546875
262140692,1,1,0,0,1,8013.314453125
262542293,1,1,0,0,1,8264.1787109375
262943899,1,1,0,0,1,8214.005859375
263345499,1,1,0,0,1,8178.16796875
263747122,1,1,0,0,1,7805.4560546875
264148750,1,1,0,0,1,7798.2880859375
264550341,1,1,0,0,1,7923.72021484375
264951948,1,1,0,0,1,8239.091796875
265353542,1,1,0,0,1,7884.298828125
265755130,1,1,0,0,1,7963.1416015625
266156711,1,1,0,0,1,8221.173828125
266558272,1,1,0,0,1,7762.45068359375
266959876,1,1,0,0,1,7662.10498046875
267361425,1,1,0,0,1,8038.40087890625
267763037,1,1,0,0,1,7622.68359375
268164574,1,1,0,0,1,8020.48193359375
268566160,1,1,0,0,1,7998.9794921875
268967749,1,1,0,0,1,7604.7646484375
269369338,1,1,0,0,1,8257.0107421875
269770930,1,1,0,0,1,8092.15771484375
270172531,1,1,0,0,1,7504.4189453125
270574120,1,1,0,0,1,7346.73291015625
270975739,1,1,0,0,1,7590.4296875
271377340,1,1,0,0,1,8138.74658203125
271778917,1,1,0,0,1,8088.57373046875
272180515,1,1,0,0,1,7604.7646484375
272582100,1,1,0,0,1,7497.25146484375
272983701,1,1,0,0,1,7905.80126953125
273385302,1,1,0,0,1,7343.1494140625
273786912,1,1,0,0,1,8006.14697265625
274188495,1,1,0,0,1,7590.4296875
274590114,1,1,0,0,1,7798.2880859375
274991710,1,1,0,0,1,8185.33544921875
275393304,1,1,0,0,1,8235.5087890625
275794910,1,1,0,0,1,8196.0869140625
276196501,1,1,0,0,1,7568.9267578125
276598096,1,1,0,0,1,7547.42431640625
276999691,1,1,0,0,1,7493.66748046875
277401291,1,1,0,0,1,7629.85107421875
277802915,1,1,0,0,1,7794.70458984375
278204512,1,1,0,0,1,7504.4189453125
278606107,1,1,0,0,1,7525.92138671875
279007705,1,1,0,0,1,7658.52099609375
279409296,1,1,0,0,1,7525.92138671875
279810907,1,1,0,0,1,7611.93212890625
280212490,1,1,0,0,1,7604.7646484375
280614089,1,1,0,0,1,8264.1787109375
281015686,1,1,0,0,1,8228.3408203125
281417302,1,1,0,0,1,7300.14404296875
281818860,1,1,0,0,1,7938.05517578125
282220459,1,1,0,0,1,7766.0341796875
282622025,1,1,0,0,1,8113.66015625
283023620,1,1,0,0,1,7525.92138671875
283425223,1,1,0,0,1,8092.15771484375
283826817,1,1,0,0,1,7819.791015625
284228418,1,1,0,0,1,7529.50537109375
284629994,1,1,0,0,1,7181.87939453125
285031594,1,1,0,0,1,7490.083984375
285433143,1,1,0,0,1,7536.6728515625
285834752,1,1,0,0,1,7472.1650390625
286236324,1,1,0,0,1,7816.20703125
286637920,1,1,0,0,1,7113.78759765625
287039508,1,1,0,0,1,7988.22802734375
287441104,1,1,0,0,1,7576.09423828125
287842693,1,1,0,0,1,7533.08935546875
288244321,1,1,0,0,1,7812.62353515625
288645919,1,1,0,0,1,7920.13671875
289047505,1,1,0,0,1,8052.736328125
289449098,1,1,0,0,1,8095.7412109375
289850689,1,1,0,0,1,7518.75390625
290252269,1,1,0,0,1,8016.8984375
290653837,1,1,0,0,1,7694.35888671875
291055435,1,1,0,0,1,7783.953125
291457031,1,1,0,0,1,7977.47705078125
291858613,1,1,0,0,1,7970.3095703125
292260215,1,1,0,0,1,8228.3408203125
292661816,1,1,0,0,1,7755.283203125
293063409,1,1,0,0,1,7783.953125
293465004,1,1,0,0,1,7210.5498046875
293866599,1,1,0,0,1,7551.0078125
294268198,1,1,0,0,1,7715.861328125
294669799,1,1,0,0,1,7300.14404296875
295071410,1,1,0,0,1,7651.353515625
295473010,1,1,0,0,1,8163.8330078125
295874600,1,1,0,0,1,7834.1259765625
296276213,1,1,0,0,1,7816.20703125
296677813,1,1,0,0,1,7644.18603515625
297079408,1,1,0,0,1,8257.0107421875
297480995,1,1,0,0,1,7998.9794921875
297882563,1,1,0,0,1,8163.8330078125
298284158,1,1,0,0,1,8181.751953125
298685780,1,1,0,0,1,7737.3642578125
299087391,1,1,0,0,1,7676.43994140625
299488971,1,1,0,0,1,7486.5
299890567,1,1,0,0,1,7902.2177734375
300292156,1,1,0,0,1,7737.3642578125
300693757,1,1,0,0,1,7565.34326171875
301095336,1,1,0,0,1,8131.5791015625
301496938,1,1,0,0,1,7776.78564453125
301898547,1,1,0,0,1,7472.1650390625
302300154,1,1,0,0,1,7558.17529296875
302701754,1,1,0,0,1,7791.12060546875
303103348,1,1,0,0,1,7941.63916015625
303504937,1,1,0,0,1,8049.15234375
303906534,1,1,0,0,1,8077.822265625
304308151,1,1,0,0,1,7518.75390625
304709730,1,1,0,0,1,8421.8642578125
305111325,1,1,0,0,1,7837.7099609375
305512932,1,1,0,0,1,8016.8984375
305914535,1,1,0,0,1,8217.58984375
306316144,1,1,0,0,1,7973.89306640625
306717740,1,1,0,0,1,7780.36962890625
307119338,1,1,0,0,1,7386.154296875
307520930,1,1,0,0,1,7400.48974609375
307922522,1,1,0,0,1,7565.34326171875
308324114,1,1,0,0,1,7873.54736328125
308725725,1,1,0,0,1,7912.96875
309127287,1,1,0,0,1,8077.822265625
309528855,1,1,0,0,1,8070.65478515625
309930447,1,1,0,0,1,7830.5419921875
310332040,1,1,0,0,1,7680.02392578125
310733634,1,1,0,0,1,7490.083984375
311135221,1,1,0,0,1,7934.4716796875
311536813,1,1,0,0,1,7981.060546875
311938404,1,1,0,0,1,7852.044921875
312340038,1,1,0,0,1,8067.0712890625
312741630,1,1,0,0,1,8149.498046875
313143239,1,1,0,0,1,7536.6728515625
313544852,1,1,0,0,1,8009.73095703125
313946442,1,1,0,0,1,8171.00048828125
314348032,1,1,0,0,1,8178.16796875
314749622,1,1,0,0,1,7597.59716796875
315151215,1,1,0,0,1,7712.27783203125
315552846,1,1,0,0,1,7500.8349609375
315954431,1,1,0,0,1,7755.283203125
316356028,1,1,0,0,1,7260.72265625
316757612,1,1,0,0,1,7518.75390625
317159161,1,1,0,0,1,7500.8349609375
317560758,1,1,0,0,1,7604.7646484375
317962374,1,1,0,0,1,7568.9267578125
318363968,1,1,0,0,1,7486.5
318765559,1,1,0,0,1,8203.2548828125
319167180,1,1,0,0,1,8174.58447265625
319568794,1,1,0,0,1,7938.05517578125
319970389,1,1,0,0,1,8027.64990234375
320371946,1,1,0,0,1,7529.50537109375
320773557,1,1,0,0,1,8124.41162109375
321175147,1,1,0,0,1,7637.0185546875
321576738,1,1,0,0,1,7991.81201171875
321978319,1,1,0,0,1,8038.40087890625
322379934,1,1,0,0,1,7515.17041015625
322781532,1,1,0,0,1,7300.14404296875
323183124,1,1,0,0,1,7540.2568359375
323584737,1,1,0,0,1,7529.50537109375
323986314,1,1,0,0,1,7558.17529296875
324387869,1,1,0,0,1,7934.4716796875
324789460,1,1,0,0,1,7916.552734375
325191014,1,1,0,0,1,7766.0341796875
325592630,1,1,0,0,1,7905.80126953125
325994263,1,1,0,0,1,7307.3115234375
326395854,1,1,0,0,1,7952.390625
326797440,1,1,0,0,1,8095.7412109375
327199041,1,1,0,0,1,7959.55810546875
327600626,1,1,0,0,1,7318.06298828125
328002210,1,1,0,0,1,7981.060546875
328403810,1,1,0,0,1,7637.0185546875
328805404,1,1,0,0,1,8160.2490234375
329207026,1,1,0,0,1,7396.90576171875
329608620,1,1,0,0,1,8027.64990234375
330010216,1,1,0,0,1,7884.298828125
330411769,1,1,0,0,1,7730.19677734375
330813335,1,1,0,0,1,7948.806640625
331214886,1,1,0,0,1,8192.5029296875
331616481,1,1,0,0,1,7755.283203125
332018080,1,1,0,0,1,8160.2490234375
332419670,1,1,0,0,1,7887.8828125
332821284,1,1,0,0,1,7898.6337890625
333222874,1,1,0,0,1,8124.41162109375
333624467,1,1,0,0,1,7705.1103515625
334026061,1,1,0,0,1,7536.6728515625
334427650,1,1,0,0,1,8009.73095703125
334829239,1,1,0,0,1,7730.19677734375
335230829,1,1,0,0,1,8436.2001953125
335632423,1,1,0,0,1,7773.20166015625
336034044,1,1,0,0,1,7812.62353515625
336435641,1,1,0,0,1,7998.9794921875
336837242,1,1,0,0,1,7547.42431640625
337238806,1,1,0,0,1,8224.7568359375
337640356,1,1,0,0,1,7977.47705078125
338041949,1,1,0,0,1,7823.37451171875
338443508,1,1,0,0,1,7830.5419921875
338845103,1,1,0,0,1,8185.33544921875
339246700,1,1,0,0,1,8199.6708984375
339648314,1,1,0,0,1,7490.083984375
340049903,1,1,0,0,1,7687.19140625
340451463,1,1,0,0,1,7938.05517578125
340853065,1,1,0,0,1,7586.845703125
341254661,1,1,0,0,1,7769.6181640625
341656251,1,1,0,0,1,7418.408203125
342057841,1,1,0,0,1,7644.18603515625
342459425,1,1,0,0,1,8206.837890625
342861014,1,1,0,0,1,8171.00048828125
343262645,1,1,0,0,1,8024.06591796875
343664234,1,1,0,0,1,8178.16796875
344065829,1,1,0,0,1,8235.5087890625
344467382,1,1,0,0,1,8192.5029296875
344868957,1,1,0,0,1,7525.92138671875
345270552,1,1,0,0,1,8009.73095703125
345672145,1,1,0,0,1,8124.41162109375
346073721,1,1,0,0,1,7776.78564453125
346475303,1,1,0,0,1,7844.87744140625
346876906,1,1,0,0,1,8038.40087890625
347278499,1,1,0,0,1,7475.74853515625
347680088,1,1,0,0,1,8221.173828125
348081677,1,1,0,0,1,7425.576171875
348483276,1,1,0,0,1,7755.283203125
348884874,1,1,0,0,1,7730.19677734375
349286473,1,1,0,0,1,7812.62353515625
349688067,1,1,0,0,1,7533.08935546875
350089680,1,1,0,0,1,8102.90869140625
350491268,1,1,0,0,1,8163.8330078125
350892849,1,1,0,0,1,7568.9267578125
351294431,1,1,0,0,1,8296.4326171875
351695991,1,1,0,0,1,8450.53515625
352097562,1,1,0,0,1,7561.75927734375
352499114,1,1,0,0,1,8067.0712890625
352900691,1,1,0,0,1,7579.67822265625
353302317,1,1,0,0,1,7848.4609375
353703925,1,1,0,0,1,8235.5087890625
354105507,1,1,0,0,1,8246.259765625
354507099,1,1,0,0,1,7525.92138671875
354908690,1,1,0,0,1,7629.85107421875
355310284,1,1,0,0,1,7110.2041015625
355711881,1,1,0,0,1,6665.81640625
356113477,1,1,0,0,1,7551.0078125
356515069,1,1,0,0,1,7758.86669921875
356916687,1,1,0,0,1,7525.92138671875
357318270,1,1,0,0,1,7869.9638671875
357719821,1,1,0,0,1,7404.0732421875
358121397,1,1,0,0,1,7701.5263671875
358522999,1,1,0,0,1,8267.7626953125
358924591,1,1,0,0,1,7472.1650390625
359326195,1,1,0,0,1,8045.568359375
359727790,1,1,0,0,1,8163.8330078125
360129402,1,1,0,0,1,8224.7568359375
360530997,1,1,0,0,1,7837.7099609375
360932587,1,1,0,0,1,7482.91650390625
361334180,1,1,0,0,1,7773.20166015625
361735777,1,1,0,0,1,7773.20166015625
362137375,1,1,0,0,1,8206.837890625
362538926,1,1,0,0,1,7651.353515625
362940524,1,1,0,0,1,8006.14697265625
363342121,1,1,0,0,1,8278.513671875
363743731,1,1,0,0,1,7952.390625
364145322,1,1,0,0,1,7551.0078125
364546915,1,1,0,0,1,7497.25146484375
364948525,1,1,0,0,1,7285.80908203125
365350122,1,1,0,0,1,7518.75390625
365751719,1,1,0,0,1,7887.8828125
366153313,1,1,0,0,1,7242.8037109375
366554911,1,1,0,0,1,7590.4296875
366956532,1,1,0,0,1,7977.47705078125
367358096,1,1,0,0,1,7543.84033203125
367759653,1,1,0,0,1,7515.17041015625
368161246,1,1,0,0,1,8049.15234375
368562836,1,1,0,0,1,7597.59716796875
368964432,1,1,0,0,1,7773.20166015625
369366022,1,1,0,0,1,8228.3408203125
369767621,1,1,0,0,1,8027.64990234375
370169228,1,1,0,0,1,7411.24072265625
370570846,1,1,0,0,1,7680.02392578125
370972411,1,1,0,0,1,8246.259765625
371373996,1,1,0,0,1,7988.22802734375
371775547,1,1,0,0,1,7568.9267578125
372177138,1,1,0,0,1,7862.79638671875
372578695,1,1,0,0,1,7672.8564453125
372980309,1,1,0,0,1,7486.5
373381902,1,1,0,0,1,7583.26171875
373783472,1,1,0,0,1,7353.900390625
374185070,1,1,0,0,1,7576.09423828125
374586667,1,1,0,0,1,8070.65478515625
374988259,1,1,0,0,1,7955.97412109375
375389854,1,1,0,0,1,7930.8876953125
375791453,1,1,0,0,1,7712.27783203125
376193048,1,1,0,0,1,7665.6884765625
376594642,1,1,0,0,1,7586.845703125
376996250,1,1,0,0,1,8228.3408203125
377397884,1,1,0,0,1,7357.484375
377799483,1,1,0,0,1,8260.5947265625
378201071,1,1,0,0,1,7511.58642578125
378602669,1,1,0,0,1,7662.10498046875
379004250,1,1,0,0,1,7819.791015625
379405829,1,1,0,0,1,7823.37451171875
379807387,1,1,0,0,1,7662.10498046875
380208984,1,1,0,0,1,7794.70458984375
380610559,1,1,0,0,1,8002.5634765625
381012146,1,1,0,0,1,8049.15234375
381413724,1,1,0,0,1,8317.935546875
381815275,1,1,0,0,1,7809.03955078125
382216867,1,1,0,0,1,7658.52099609375
382618457,1,1,0,0,1,8070.65478515625
383020057,1,1,0,0,1,7737.3642578125
383421652,1,1,0,0,1,7701.5263671875
383823205,1,1,0,0,1,7432.74365234375
384224821,1,1,0,0,1,8052.736328125
384626421,1,1,0,0,1,7601.1806640625
385028015,1,1,0,0,1,8006.14697265625
385429615,1,1,0,0,1,7751.69921875
385831208,1,1,0,0,1,8056.31982421875
386232796,1,1,0,0,1,8188.91943359375
386634346,1,1,0,0,1,8181.751953125
387035930,1,1,0,0,1,7984.64453125
387437555,1,1,0,0,1,8178.16796875
